freq_Hz,Vout_V,gain_norm
100,47.1206117156283,0.117801529289071
183.286908077994,45.9862826152928,0.114965706538232
266.573816155989,44.8089741709741,0.112022435427435
349.860724233983,43.6313045654336,0.109078261413584
433.147632311978,42.4536943957615,0.106134235989404
516.434540389972,41.2760821480206,0.103190205370052
599.721448467967,40.0984699986054,0.100246174996514
683.008356545961,38.9208578445688,0.097302144611422
766.295264623955,37.7432456907495,0.0943581142268737
849.58217270195,36.5656335369199,0.0914140838422998
932.869080779944,35.3880213830909,0.0884700534577271
1016.15598885794,34.2104092292618,0.0855260230731544
1099.44289693593,33.0327970754327,0.0825819926885817
1182.72980501393,31.8551849216036,0.0796379623040089
1266.01671309192,30.6775727677745,0.0766939319194362
1349.30362116992,29.4999606139454,0.0737499015348635
1432.59052924791,28.3223484601163,0.0708058711502907
1515.87743732591,27.1447363062872,0.067861840765718
1599.1643454039,25.9671241524581,0.0649178103811452
1682.45125348189,24.789511998629,0.0619737799965725
1765.73816155989,23.6118998447999,0.0590297496119998
1849.02506963788,22.4903122118967,0.0562257805297417
1932.31197771588,22.3831481994327,0.0559578704985818
2015.59888579387,22.4029488579835,0.0560073721449589
2098.88579387187,22.4025707995336,0.056006426998834
2182.17270194986,22.3951007224938,0.0559877518062344
2265.45961002785,22.3988904928015,0.0559972262320037
2348.74651810585,22.3823373331252,0.0559558433328131
2432.03342618384,22.4218227711727,0.0560545569279318
2515.32033426184,22.3874153354094,0.0559685383385235
2598.60724233983,22.3841552433343,0.0559603881083357
2681.89415041783,22.4025017568953,0.0560062543922383
2765.18105849582,22.3859040328918,0.0559647600822295
2848.46796657382,22.4092246541869,0.0560230616354673
2931.75487465181,22.3968152423239,0.0559920381058098
3015.04178272981,22.3905469112216,0.055976367278054
3098.3286908078,22.389651980049,0.0559741299501225
3181.61559888579,22.3967437207004,0.0559918593017511
3264.90250696379,22.3936344629886,0.0559840861574715
3348.18941504178,22.3946782817041,0.0559866957042602
3431.47632311978,22.4026563638555,0.0560066409096389
3514.76323119777,22.4164554289524,0.0560411385723811
3598.05013927577,22.3959803393183,0.0559899508482958
3681.33704735376,20.3544548522488,0.050886137130622
3764.62395543175,22.3991889742203,0.0559979724355509
3847.91086350975,22.4023602572364,0.0560059006430911
3931.19777158774,22.388391292207,0.0559709782305174
4014.48467966574,22.4013525105608,0.0560033812764019
4097.77158774373,22.3726339151837,0.0559315847879593
4181.05849582173,22.3937814916667,0.0559844537291667
4264.34540389972,22.3959681883561,0.0559899204708902
4347.63231197772,22.4268370442919,0.0560670926107297
4430.91922005571,22.3988595698035,0.0559971489245087
4514.2061281337,22.3697745511653,0.0559244363779132
4597.4930362117,22.3847627614951,0.0559619069037377
4680.77994428969,22.3997880870334,0.0559994702175835
4764.06685236769,22.4027739031851,0.0560069347579629
4847.35376044568,22.4068732436726,0.0560171831091815
4930.64066852368,22.4003453536643,0.0560008633841607
5013.92757660167,22.4083053993456,0.0560207634983641
5097.21448467967,22.4065677876758,0.0560164194691895
5180.50139275766,22.3975487662451,0.0559938719156128
5263.78830083565,22.3998842647496,0.0559997106618739
5347.07520891365,22.4111211708834,0.0560278029272085
5430.36211699164,22.3931894929195,0.0559829737322987
5513.64902506964,22.4037959426234,0.0560094898565585
5596.93593314763,22.3708585635859,0.0559271464089648
5680.22284122563,22.416370361391,0.0560409259034774
5763.50974930362,22.3734010174134,0.0559335025435336
5846.79665738162,22.3982437135692,0.055995609283923
5930.08356545961,22.3843826783647,0.0559609566959116
6013.3704735376,22.4234106034101,0.0560585265085251
6096.6573816156,22.4187410447524,0.0560468526118809
6179.94428969359,22.4092865759254,0.0560232164398135
6263.23119777159,22.4190160707739,0.0560475401769348
6346.51810584958,22.4259997529729,0.0560649993824323
6429.80501392758,22.3929757094039,0.0559824392735098
6513.09192200557,22.393763729442,0.0559844093236051
6596.37883008357,22.4092128126015,0.0560230320315037
6679.66573816156,22.3979221987847,0.0559948054969617
6762.95264623955,22.3884635017032,0.055971158754258
6846.23955431755,22.3916736824361,0.0559791842060903
6929.52646239554,22.4183341894141,0.0560458354735351
7012.81337047354,22.3971357539559,0.0559928393848898
7096.10027855153,22.4034743441085,0.0560086858602713
7179.38718662953,22.3875705288302,0.0559689263220754
7262.67409470752,22.3769417479017,0.0559423543697543
7345.96100278552,22.4158225527518,0.0560395563818794
7429.24791086351,22.398972638774,0.0559974315969351
7512.5348189415,22.2937684010646,0.0557344210026616
7595.8217270195,22.4125489533226,0.0560313723833064
7679.10863509749,22.4315257082174,0.0560788142705435
7762.39554317549,22.399433134913,0.0559985828372825
7845.68245125348,22.4005960449165,0.0560014901122912
7928.96935933148,22.4049562525646,0.0560123906314114
8012.25626740947,22.3961456465021,0.0559903641162552
8095.54317548747,22.3818250848925,0.0559545627122313
8178.83008356546,22.2471080821046,0.0556177702052615
8262.11699164345,22.3992783059659,0.0559981957649147
8345.40389972145,22.3912818045632,0.0559782045114081
8428.69080779944,22.4041614533787,0.0560104036334468
8511.97771587744,22.378796932987,0.0559469923324676
8595.26462395543,22.4302038620591,0.0560755096551478
8678.55153203343,22.4094164088851,0.0560235410222127
8761.83844011142,22.3596622181544,0.0558991555453859
8845.12534818941,24.3326699997754,0.0608316749994385
8928.41225626741,22.4294213076038,0.0560735532690095
9011.6991643454,22.4016111801448,0.0560040279503619
9094.9860724234,22.3975709085665,0.0559939272714163
9178.27298050139,22.4133190468985,0.0560332976172462
9261.55988857939,22.413366815945,0.0560334170398625
9344.84679665738,22.4015610806773,0.0560039027016932
9428.13370473538,22.3831169588393,0.0559577923970982
9511.42061281337,22.3463805234719,0.0558659513086798
9594.70752089136,22.3975641311024,0.0559939103277561
9677.99442896936,22.3852290568916,0.055963072642229
9761.28133704735,22.3984518058691,0.0559961295146727
9844.56824512535,22.4071819224465,0.0560179548061163
9927.85515320334,22.4067388643602,0.0560168471609006
10011.1420612813,22.3934963451082,0.0559837408627706
10094.4289693593,22.4026552447933,0.0560066381119832
10177.7158774373,22.3927386180138,0.0559818465450345
10261.0027855153,22.4061352487639,0.0560153381219096
10344.2896935933,22.4059351754793,0.0560148379386983
10427.5766016713,22.4010630432353,0.0560026576080881
10510.8635097493,22.4023191677092,0.056005797919273
10594.1504178273,22.2788222352861,0.0556970555882151
10677.4373259053,22.3999474647955,0.0559998686619887
10760.7242339833,22.3934454060482,0.0559836135151206
10844.0111420613,22.3997771080478,0.0559994427701194
10927.2980501393,22.3923870944438,0.0559809677361095
11010.5849582173,22.3955893957749,0.0559889734894374
11093.8718662953,22.507951389058,0.0562698784726449
11177.1587743733,22.4001245623549,0.0560003114058872
11260.4456824513,22.3972694121106,0.0559931735302766
11343.7325905292,22.3618287108399,0.0559045717770998
11427.0194986072,22.350172953654,0.055875432384135
11510.3064066852,22.3883518592932,0.055970879648233
11593.5933147632,22.3994960526391,0.0559987401315978
11676.8802228412,22.4116009219071,0.0560290023047678
11760.1671309192,22.3945282048839,0.0559863205122099
11843.4540389972,22.4142368776811,0.0560355921942028
11926.7409470752,21.5649707564435,0.0539124268911086
12010.0278551532,22.4043470405111,0.0560108676012777
12093.3147632312,22.345165242099,0.0558629131052474
12176.6016713092,22.3929058518916,0.0559822646297289
12259.8885793872,22.4081237275404,0.0560203093188511
12343.1754874652,22.391335684288,0.05597833921072
12426.4623955432,22.3948941246313,0.0559872353115783
12509.7493036212,22.4045255864618,0.0560113139661545
12593.0362116992,22.3964308318357,0.0559910770795893
12676.3231197772,22.4010109740637,0.0560025274351593
12759.6100278552,22.3989931163821,0.0559974827909552
12842.8969359331,22.4078303543943,0.0560195758859857
12926.1838440111,22.3901512169084,0.0559753780422709
13009.4707520891,22.4051180579411,0.0560127951448528
13092.7576601671,22.3389891765215,0.0558474729413036
13176.0445682451,22.4263918062196,0.056065979515549
13259.3314763231,22.3977798119601,0.0559944495299002
13342.6183844011,22.4089113480181,0.0560222783700452
13425.9052924791,22.3940940409182,0.0559852351022955
13509.1922005571,22.4134919822262,0.0560337299555656
13592.4791086351,22.4608418883167,0.0561521047207916
13675.7660167131,22.4036832913805,0.0560092082284512
13759.0529247911,22.3631559004877,0.0559078897512192
13842.3398328691,22.3845185326581,0.0559612963316454
13925.6267409471,22.3125592736069,0.0557813981840172
14008.9136490251,22.4358733401247,0.0560896833503119
14092.2005571031,22.3892266461741,0.0559730666154353
14175.4874651811,22.3977362233193,0.0559943405582981
14258.7743732591,22.4033653443307,0.0560084133608269
14342.061281337,22.3994682790689,0.0559986706976721
14425.348189415,22.3888937411649,0.0559722343529122
14508.635097493,22.4090751128094,0.0560226877820236
14591.922005571,22.414543632294,0.056036359080735
14675.208913649,22.3914709610114,0.0559786774025285
14758.495821727,22.4036240466691,0.0560090601166727
14841.782729805,22.3877142850936,0.0559692857127341
14925.069637883,22.3993930855522,0.0559984827138804
15008.356545961,22.3967680278931,0.0559919200697327
15091.643454039,22.3989560948815,0.0559973902372037
15174.930362117,22.4024463124338,0.0560061157810844
15258.217270195,22.3974864585152,0.0559937161462881
15341.504178273,22.4119019380086,0.0560297548450214
15424.791086351,22.5684424793802,0.0564211061984505
15508.077994429,22.4004199100673,0.0560010497751682
15591.364902507,22.4018786202265,0.0560046965505662
15674.651810585,22.4027173698612,0.056006793424653
15757.938718663,22.4048186613748,0.056012046653437
15841.2256267409,22.3870257630367,0.0559675644075918
15924.5125348189,22.4042237638705,0.0560105594096763
16007.7994428969,22.4343397645621,0.0560858494114053
16091.0863509749,22.3966844661728,0.0559917111654321
16174.3732590529,22.3795329262332,0.0559488323155831
16257.6601671309,22.3885464580015,0.0559713661450038
16340.9470752089,22.4275730129944,0.0560689325324859
16424.2339832869,22.4124246672105,0.0560310616680263
16507.5208913649,22.3645192529528,0.0559112981323821
16590.8077994429,22.3880348646563,0.0559700871616408
16674.0947075209,22.3989515393966,0.0559973788484914
16757.3816155989,22.3816236051658,0.0559540590129146
16840.6685236769,22.396010384336,0.0559900259608399
16923.9554317549,22.416603250371,0.0560415081259274
17007.2423398329,22.3800560254638,0.0559501400636594
17090.5292479109,22.3825665926185,0.0559564164815463
17173.8161559889,22.4200353036554,0.0560500882591386
17257.1030640669,22.416922122454,0.056042305306135
17340.3899721448,22.4149828564693,0.0560374571411733
17423.6768802228,22.3969183922309,0.0559922959805771
17506.9637883008,22.3889562124121,0.0559723905310302
17590.2506963788,22.4014816393997,0.0560037040984993
17673.5376044568,22.4058186307103,0.0560145465767758
17756.8245125348,22.4030727643676,0.0560076819109189
17840.1114206128,22.3965797912801,0.0559914494782003
17923.3983286908,22.4078225212855,0.0560195563032137
18006.6852367688,22.4116767808365,0.0560291919520912
18089.9721448468,22.4019629900866,0.0560049074752164
18173.2590529248,22.396924627579,0.0559923115689476
18256.5459610028,22.3831651690789,0.0559579129226973
18339.8328690808,22.3974263242861,0.0559935658107153
18423.1197771588,22.4015379753168,0.0560038449382919
18506.4066852368,22.3979080318684,0.0559947700796711
18589.6935933148,22.4022913733422,0.0560057284333556
18672.9805013928,22.393774701917,0.0559844367547924
18756.2674094708,22.3974171945378,0.0559935429863446
18839.5543175487,22.409081555793,0.0560227038894824
18922.8412256267,22.2550552240189,0.0556376380600472
19006.1281337047,22.3995154417501,0.0559987886043753
19089.4150417827,22.4004306498244,0.0560010766245611
19172.7019498607,22.4031201093274,0.0560078002733186
19255.9888579387,22.3795703306499,0.0559489258266247
19339.2757660167,22.3968847566134,0.0559922118915335
19422.5626740947,22.3944967371682,0.0559862418429204
19505.8495821727,22.3965936484389,0.0559914841210973
19589.1364902507,22.4125850401897,0.0560314626004743
19672.4233983287,22.5936704560311,0.0564841761400776
19755.7103064067,22.3972802373948,0.0559932005934871
19838.9972144847,22.4055557931498,0.0560138894828746
19922.2841225627,22.3950870709842,0.0559877176774605
20005.5710306407,22.4009355647756,0.0560023389119391
20088.8579387187,22.413008804167,0.0560325220104175
20172.1448467967,22.4229979846031,0.0560574949615078
20255.4317548747,22.4032262808222,0.0560080657020556
20338.7186629526,22.4040153326272,0.056010038331568
20422.0055710306,22.4145453131787,0.0560363632829468
20505.2924791086,22.4238484839691,0.0560596212099229
20588.5793871866,22.4165344471211,0.0560413361178027
20671.8662952646,22.4157984362677,0.0560394960906692
20755.1532033426,22.3751836284098,0.0559379590710246
20838.4401114206,22.4013668010591,0.0560034170026478
20921.7270194986,22.404073861252,0.0560101846531301
21005.0139275766,22.3945307519156,0.0559863268797889
21088.3008356546,22.3996510317988,0.055999127579497
21171.5877437326,22.4010703627916,0.0560026759069789
21254.8746518106,22.3992204172405,0.0559980510431013
21338.1615598886,22.3888033089826,0.0559720082724564
21421.4484679666,22.3741801595576,0.0559354503988939
21504.7353760446,22.4054930062383,0.0560137325155958
21588.0222841226,22.4097585260895,0.0560243963152236
21671.3091922006,22.3829527316956,0.055957381829239
21754.5961002786,22.4109712778434,0.0560274281946085
21837.8830083565,22.3868486809475,0.0559671217023687
21921.1699164345,22.3789066561101,0.0559472666402752
22004.4568245125,22.4086173231401,0.0560215433078504
22087.7437325905,22.490032449787,0.0562250811244676
22171.0306406685,22.39483496074,0.0559870874018499
22254.3175487465,22.4473597224167,0.0561183993060418
22337.6044568245,22.3819024917637,0.0559547562294092
22420.8913649025,22.3888299989701,0.0559720749974253
22504.1782729805,22.402829204924,0.0560070730123101
22587.4651810585,22.3899842695445,0.0559749606738612
22670.7520891365,22.3753815122172,0.055938453780543
22754.0389972145,22.3498921171264,0.055874730292816
22837.3259052925,22.381926865198,0.055954817162995
22920.6128133705,22.569258161111,0.0564231454027776
23003.8997214485,22.3937469894379,0.0559843674735948
23087.1866295265,22.399645819251,0.0559991145481276
23170.4735376045,22.4052135127667,0.0560130337819167
23253.7604456825,22.396681887106,0.0559917047177651
23337.0473537604,22.3801838653871,0.0559504596634677
23420.3342618384,22.3993071691245,0.0559982679228112
23503.6211699164,22.3959773058883,0.0559899432647208
23586.9080779944,22.4086579121981,0.0560216447804953
23670.1949860724,22.3448126512283,0.0558620316280707
23753.4818941504,22.3977925648557,0.0559944814121392
23836.7688022284,22.4306602295028,0.056076650573757
23920.0557103064,22.4055463628803,0.0560138659072008
24003.3426183844,22.4118550350462,0.0560296375876155
24086.6295264624,22.3994179122537,0.0559985447806342
24169.9164345404,22.4001816827364,0.0560004542068411
24253.2033426184,22.4031019935362,0.0560077549838404
24336.4902506964,22.3978684885126,0.0559946712212815
24419.7771587744,22.3952090037691,0.0559880225094227
24503.0640668524,22.399102039292,0.0559977550982301
24586.3509749304,22.3877614108627,0.0559694035271569
24669.6378830084,22.447509219431,0.0561187730485775
24752.9247910864,22.3709798709691,0.0559274496774228
24836.2116991643,22.4166551623938,0.0560416379059846
24919.4986072423,22.4071135169694,0.0560177837924234
25002.7855153203,22.4027525006187,0.0560068812515468
25086.0724233983,22.4013968009721,0.0560034920024302
25169.3593314763,22.3970393182334,0.0559925982955834
25252.6462395543,22.4005043227895,0.0560012608069736
25335.9331476323,22.4050447983032,0.056012611995758
25419.2200557103,22.3981460560606,0.0559953651401516
25502.5069637883,22.3924169219604,0.0559810423049011
25585.7938718663,22.4018244894332,0.0560045612235829
25669.0807799443,22.3975960623803,0.0559939901559507
25752.3676880223,22.4197594087143,0.0560493985217858
25835.6545961003,22.3704459912075,0.0559261149780187
25918.9415041783,22.40056499895,0.0560014124973749
26002.2284122563,22.4237101269739,0.0560592753174348
26085.5153203343,22.3949471485935,0.0559873678714838
26168.8022284123,22.4159860188228,0.0560399650470571
26252.0891364902,22.3852624741128,0.055963156185282
26335.3760445682,22.3595979413865,0.0558989948534662
26418.6629526462,22.3637353649106,0.0559093384122765
26501.9498607242,22.3927148513833,0.0559817871284582
26585.2367688022,22.4109929769086,0.0560274824422716
26668.5236768802,22.417079545441,0.0560426988636026
26751.8105849582,22.3821875598679,0.0559554688996698
26835.0974930362,22.3664391186152,0.0559160977965379
26918.3844011142,22.5014054065611,0.0562535135164027
27001.6713091922,22.4051121290518,0.0560127803226295
27084.9582172702,22.4029272239017,0.0560073180597544
27168.2451253482,22.4036569477095,0.0560091423692737
27251.5320334262,22.3949660819422,0.0559874152048554
27334.8189415042,22.3936361102227,0.0559840902755567
27418.1058495822,22.3994201459299,0.0559985503648248
27501.3927576602,22.3976458309768,0.0559941145774419
27584.6796657382,22.3910063927284,0.0559775159818211
27667.9665738162,22.3958807268601,0.0559897018171502
27751.2534818941,22.3863728221956,0.055965932055489
27834.5403899721,22.4017677329205,0.0560044193323013
27917.8272980501,22.3995771186093,0.0559989427965233
28001.1142061281,22.398851260758,0.055997128151895
28084.4011142061,22.3712866073921,0.0559282165184803
28167.6880222841,22.4031333486124,0.0560078333715311
28250.9749303621,22.2483314206835,0.0556208285517088
28334.2618384401,22.4434424889258,0.0561086062223145
28417.5487465181,22.3883574537098,0.0559708936342745
28500.8356545961,22.3852895385157,0.0559632238462893
28584.1225626741,22.4036607514053,0.0560091518785132
28667.4094707521,22.3986075863597,0.0559965189658993
28750.6963788301,22.3966201592221,0.0559915503980552
28833.9832869081,22.4212976649089,0.0560532441622721
28917.2701949861,22.3847322378324,0.0559618305945809
29000.5571030641,22.3831005348246,0.0559577513370614
29083.8440111421,22.3935174536111,0.0559837936340278
29167.1309192201,21.9654866329478,0.0549137165823694
29250.417827298,22.3673257636561,0.0559183144091401
29333.704735376,22.4138962996531,0.0560347407491327
29416.991643454,22.3933666366791,0.0559834165916978
29500.278551532,22.4498770420013,0.0561246926050033
29583.56545961,22.4067852238977,0.0560169630597442
29666.852367688,22.4054409734051,0.0560136024335128
29750.139275766,22.402241551811,0.0560056038795275
29833.426183844,22.3946061607578,0.0559865154018944
29916.713091922,22.3968741636018,0.0559921854090044
30000,22.3854424930968,0.055963606232742
